{
  "eimaen_sound_storage_cell_1": {
    "sounds": [
      {
        "name": "customdisc:eimaen_sound_storage_cell_1",
        "preload": true,
        "stream": true
      }
    ],
    "subtitle": "customdisc.subtitle.eimaen_sound_storage_cell_1"
  },
  "eimaen_sound_storage_cell_2": {
    "sounds": [
      {
        "name": "customdisc:eimaen_sound_storage_cell_2",
        "preload": true,
        "stream": true
      }
    ],
    "subtitle": "customdisc.subtitle.eimaen_sound_storage_cell_2"
  }
}